Question,Answer
how does your system detect pests in my fields ,"Our system uses advanced cameras to spot pests in your fields quickly. It helps you take immediate action and prevent damage to your crops.
"
can your system identify plant diseases early on ,"Yes, our system can identify plant diseases at an early stage. It gives you accurate diagnoses and recommendations for treatments, so you can effectively protect your crops.
"
how does your system detect weeds ,Our system detects weeds using special technology. It helps you identify and tackle the weed problem that can hinder your crop's growth.
can your system check soil quality and recommend fertilizers ,"Yes, our system can check soil quality and let you know if you need to add more fertilizers. It helps you
understand your soil's needs for better crop growth."
how does your system detect the amount of rainfall needed for crops ,"Our system takes into account various factors, including historical data and weather forecasts, to estimate the amount of rainfall needed for your crops."
can your system recommend the right amount of nitrogen  phosphorous  and potassium for my crops ,"Yes, our system considers your crop's requirements and soil conditions to recommend the appropriate amounts of nitrogen, phosphorous, and potassium. It ensures your crops get the nutrients they need."
how does your system measure temperature and humidity for optimal crop growth ,Our system uses sensors to measure temperature and humidity levels in your fields. This data helps you create the ideal environment for your crops to thrive.
can your system determine the ph value of the soil ,"Yes, our system can analyze the pH value of your soil. It helps you understand if the soil is acidic, neutral, or alkaline."
how does your system recommend suitable crops based on specific conditions ,"Our system recommends suitable crops based on specific conditions, such as climate, soil type, and available resources. It assists in optimizing your crop selection for maximum yield and success."
can your system provide guidance on irrigation timing and water requirements ,"Yes, our system provides guidance on irrigation timing and water requirements based on factors like soil moisture levels, crop type, and weather conditions. It helps you optimize water usage and prevent over or under watering."
how does your system help prevent crop diseases and pests ,"Our system helps prevent crop diseases and pests by continuously monitoring your fields, detecting early signs of trouble, and providing timely alerts and recommendations for appropriate actions."
can your system help me manage weeds effectively ,"Yes, our system can help you manage weeds effectively by identifying weed species, suggesting suitable control methods, and assisting in implementing targeted weed management strategies."
how can your system improve fertilizer application ,"Our system improves fertilizer application by considering your crop's nutrient requirements, soil nutrient levels, and optimizing the timing and placement of fertilizer application to maximize nutrient uptake and minimize losses."
can your system suggest organic fertilizers for sustainable farming ,"Yes, our system can suggest organic fertilizers for sustainable farming practices. It takes into account the availability of organic nutrient sources and provides recommendations that align with your farming goals."
how does your system account for the cost of fertilizers ,"Our system considers the cost-effectiveness of fertilizers by evaluating their nutrient content, application rates, and prices. It helps you make informed decisions on fertilizer selection while considering your budget."
can your system guide me on the best time to apply fertilizers ,"Yes, our system guides you on the best time to apply fertilizers based on your crop's growth stage, soil conditions, and weather forecasts. It ensures optimal nutrient availability for your plants."
how does your system help prevent fertilizer runoff and environmental pollution ,"Our system helps prevent fertilizer runoff and environmental pollution by recommending precise fertilizer application rates and timings, considering soil absorption capacity, and promoting responsible nutrient management practices."
can your system provide guidance on improving soil quality ,"Yes, our system provides guidance on improving soil quality by assessing key soil parameters, such as organic matter content, nutrient levels, pH, and soil structure. It suggests soil management practices to enhance fertility and overall soil health."
how does your system support crop rotation practices ,"Our system supports crop rotation practices by analyzing the nutrient requirements of different crops, assessing the impact of previous crops on soil health, and recommending suitable crop rotation sequences to minimize disease and nutrient depletion risks."
can your system help me monitor nutrient levels in my crops ,"Yes, our system helps you monitor nutrient levels in your crops by analyzing plant tissue samples or using non-destructive methods such as spectral analysis. It assists in determining nutrient deficiencies or excesses for timely corrective measures."
how does your system assist in managing micronutrient deficiencies ,"Our system assists in managing micronutrient deficiencies by identifying specific nutrient imbalances, providing targeted recommendations for supplementing micronutrients, and monitoring their effectiveness through regular monitoring."
how does your system consider the specific nutrient needs of different crops ,"Our system takes into account the specific nutrient requirements of different crops. It provides tailored fertilizer recommendations, ensuring that each crop receives the necessary nutrients for optimal growth and yield."
can your system help me reduce fertilizer costs without compromising crop quality ,"Yes, our system can help you optimize fertilizer costs while maintaining crop quality. It considers cost-effective fertilizer options, adjusts application rates based on crop needs, and recommends efficient fertilizer management strategies."
how does your system handle nutrient losses due to erosion or leaching ,"Our system provides recommendations to minimize nutrient losses caused by erosion or leaching. It suggests erosion control measures, appropriate application techniques, and nutrient management practices that reduce the risk of nutrient loss."
can your system guide me on using organic and inorganic fertilizers together ,"Yes, our system offers guidance on using organic and inorganic fertilizers together. It provides recommendations for combining and applying them in proper ratios to optimize nutrient availability and support sustainable farming practices."
how does your system support environmentally friendly nutrient management ,"Our system promotes environmentally friendly nutrient management practices. It recommends precision application techniques, nutrient timing, and the use of slow-release fertilizers to minimize environmental impacts and maximize nutrient use efficiency."
can your system provide insights on nutrient interactions and antagonisms ,"Yes, our system provides insights on nutrient interactions and antagonisms. It considers the relationships between different nutrients and their effects on plant uptake, helping you avoid nutrient imbalances and adverse interactions."
how does your system help in maintaining soil ph balance ,"Our system analyzes soil pH and provides recommendations for adjusting pH levels if necessary. It suggests appropriate soil amendments to maintain the desired pH balance, ensuring optimal nutrient availability for your crops."
 can your system assist in managing nutrient deficiencies during different growth stages ,"Yes, our system assists in managing nutrient deficiencies during various growth stages of your crops. It provides recommendations for targeted nutrient applications and foliar sprays, addressing specific nutrient requirements at each stage."
how does your system help in optimizing nutrient uptake by plants ,"Our system considers factors such as soil conditions, root development, and nutrient availability to optimize nutrient uptake by plants. It provides recommendations for proper nutrient placement and application techniques to enhance absorption."
can your system help me track the nutrient content of my harvested crops ,"Yes, our system helps you track the nutrient content of your harvested crops. By analyzing crop samples, it provides insights into the nutrient levels, allowing you to monitor the nutritional quality of your produce."
how does your system assist in managing nutrient imbalances ,"Our system identifies nutrient imbalances through soil or plant tissue analysis. It provides recommendations for targeted fertilizer applications, adjusting nutrient ratios to rectify imbalances and promote healthy crop growth."
can your system provide recommendations for managing soil salinity ,"Yes, our system provides recommendations for managing soil salinity issues. It suggests appropriate irrigation practices, soil amendments, and salt-tolerant crop varieties to mitigate the effects of high salt levels in the soil."
how does your system help in optimizing nutrient use efficiency ,"Our system promotes nutrient use efficiency by recommending precise application rates, timing, and formulations. By minimizing nutrient wastage and losses, it helps you achieve maximum crop productivity with minimal input."
can your system assist in diagnosing nutrient deficiencies based on visual symptoms ,"Yes, our system can assist in diagnosing nutrient deficiencies based on visual symptoms observed in plants. It provides a comprehensive database of nutrient deficiency symptoms, helping you identify and address nutrient imbalances."
how does your system help in sustainable nutrient management ,"Our system supports sustainable nutrient management practices by emphasizing soil health, efficient fertilizer use, and environmental stewardship. It promotes practices such as cover cropping, crop rotation, and the use of organic amendments."
can your system recommend nutrient management practices for specific crop rotations ,"Yes, our system can recommend nutrient management practices tailored to specific crop rotations. It considers the nutrient demands of different crops in rotation and provides guidance on appropriate fertilizer applications to maintain soil fertility."
 how does your system help in reducing nutrient losses during irrigation ,"Our system provides recommendations for efficient irrigation practices that minimize nutrient losses. It considers factors such as water application rates, irrigation scheduling, and irrigation method selection to optimize nutrient retention in the root zone."
can your system provide guidance on managing nutrients for hydroponic or soilless cultivation ,"Yes, our system can provide guidance on managing nutrients for hydroponic or soilless cultivation systems. It offers recommendations for nutrient solutions, pH control, and monitoring parameters to support optimal plant nutrition in these systems."
how does your system assist in improving nutrient cycling and organic matter decomposition ,"Our system promotes nutrient cycling and organic matter decomposition by suggesting practices such as cover cropping, composting, and incorporation of crop residues. These practices enhance soil organic matter content and nutrient availability for crops."
can your system recommend appropriate nutrient application rates for seedlings and young plants ,"Yes, our system can recommend appropriate nutrient application rates for seedlings and young plants. It considers the specific nutrient requirements during early growth stages and provides recommendations for nutrient-rich substrates, starter fertilizers, or foliar applications to support healthy and vigorous plant establishment."
how does your system help in diagnosing nutrient toxicities in plants ,"Our system assists in diagnosing nutrient toxicities by analyzing plant tissue samples or sensor data. It compares nutrient concentrations to established thresholds and provides insights into potential nutrient excesses, enabling timely corrective actions."
can your system recommend remedial actions for nutrient imbalances ,"Yes, our system recommends remedial actions for nutrient imbalances based on the specific nutrient deficiencies or excesses detected. It provides guidance on adjusting fertilizer application rates, using targeted nutrient supplements, or implementing soil amendments."
how does your system support integrated pest management practices ,"Our system integrates pest detection technology with nutrient management. By identifying pests early on, it helps prevent crop damage. It also suggests pest control methods that minimize chemical inputs, promoting integrated pest management practices."
can your system help me optimize my crop rotation schedule ,"Yes, our system can help optimize your crop rotation schedule. It considers factors such as disease and pest cycles, nutrient demands, and market demand for different crops. It provides recommendations for an effective and sustainable crop rotation plan."
how does your system assist in monitoring and managing soil compaction ,"Our system offers guidance on monitoring and managing soil compaction. It suggests practices like controlled traffic farming, cover cropping, and proper tillage techniques to minimize compaction and enhance soil structure."
can your system provide recommendations for managing soil erosion ,"Yes, our system provides recommendations for managing soil erosion. It suggests erosion control measures such as contour plowing, terracing, and the use of cover crops or mulching to reduce soil erosion risks."
how does your system help in reducing nutrient leaching ,"Our system considers factors such as soil type, rainfall patterns, and fertilizer formulation to minimize nutrient leaching. It recommends practices like split fertilizer applications, the use of slow-release fertilizers, or controlled irrigation to retain nutrients in the root zone."
can your system assist in nutrient management for specific crop varieties or hybrids ,"Yes, our system can assist in nutrient management for specific crop varieties or hybrids. It considers the unique nutrient requirements of different varieties and provides customized fertilizer recommendations to maximize their genetic potential."
